,name,state_code,fips,sites,census.population,field_sources.tests.pcr.total,covid_tracking_project.preferred_total_test.field,covid_tracking_project.preferred_total_test.units
0,Alaska,AK,02,"[{'url': 'http://dhss.alaska.gov/dph/Epi/id/Pages/COVID-19/monitoring.aspx', 'label': 'primary'}, {'url': 'https://experience.arcgis.com/experience/ed1c874ca60b4c15ab09095a070065ca', 'label': 'secondary'}, {'url': 'https://alaska-dhss.maps.arcgis.com/apps/opsdashboard/index.html#/8782a14ef52342e99f866a3b8a3e624a', 'label': 'tertiary'}, {'url': 'https://services1.arcgis.com/WzFsmainVTuD5KML/arcgis/rest/services/Tests_Dataset/FeatureServer/0/query?where=Test_Result+%3D+%27Negative%27&outStatistics=%5B%7B%27statisticType%27%3A+%27count%27%2C+%27onStatisticField%27%3A+%27FID%27%2C+%27outStatisticFieldName%27%3A+%27tests_negative%27%7D%5D', 'label': 'quaternary'}, {'url': 'https://services1.arcgis.com/WzFsmainVTuD5KML/arcgis/rest/services/Tests_Dataset/FeatureServer/0/query?where=Test_Result+%3D+%27Positive%27&outStatistics=%5B%7B%27statisticType%27%3A+%27count%27%2C+%27onStatisticField%27%3A+%27FID%27%2C+%27outStatisticFieldName%27%3A+%27tests_positive%27%7D%5D', 'label': 'quinary'}]",737068,Total Tests (PCR),totalTestsViral,Specimens
1,Alabama,AL,01,"[{'url': 'https://alpublichealth.maps.arcgis.com/apps/opsdashboard/index.html#/6d2771faa9da4a2786a509d82c8cf0f7', 'label': 'primary'}, {'url': 'https://alpublichealth.maps.arcgis.com/apps/opsdashboard/index.html#/6d2771faa9da4a2786a509d82c8cf0f7', 'label': 'secondary'}, {'url': 'https://services7.arcgis.com/4RQmZZ0yaZkGR1zy/arcgis/rest/services/HospitalizedPatientTemporal_READ_ONLY/FeatureServer/1/query?where=1%3D1&orderbyfields=DateTxt+desc&outFields=%2A&resultRecordCount=1', 'label': 'tertiary'}]",4876250,Total PCR Tests (People),totalTestsPeopleViral,People
2,Arkansas,AR,05,"[{'url': 'https://www.healthy.arkansas.gov/programs-services/topics/novel-coronavirus', 'label': 'primary'}, {'url': 'https://experience.arcgis.com/experience/c2ef4a4fcbe5458fbf2e48a21e4fece9', 'label': 'secondary'}, {'url': 'https://adem.maps.arcgis.com/apps/opsdashboard/index.html#/fd6874664d404993814de4d5a65d5cfd', 'label': 'tertiary'}, {'url': 'https://adem.maps.arcgis.com/apps/opsdashboard/index.html#/fd6874664d404993814de4d5a65d5cfd', 'label': 'quaternary'}, {'url': 'https://adem.maps.arcgis.com/apps/opsdashboard/index.html#/fd6874664d404993814de4d5a65d5cfd', 'label': 'quinary'}]",2999370,Total Tests (PCR),totalTestsViral,Specimens
3,American Samoa,AS,60,"[{'url': 'https://www.americansamoa.gov/covid-19-advisories', 'label': 'primary'}, {'url': 'https://www.facebook.com/amsamgov/', 'label': 'secondary'}]",55191,Total Tests (PCR),totalTestsViral,Specimens
4,Arizona,AZ,04,"[{'url': 'https://www.azdhs.gov/preparedness/epidemiology-disease-control/infectious-disease-epidemiology/covid-19/dashboards/index.php', 'label': 'primary'}, {'url': 'https://tableau.azdhs.gov/views/Hospitalization/HospitalizedCOVID-19Cases?:embed=y&:showVizHome=no&:host_url=https%3A%2F%2Ftableau.azdhs.gov%2F&:embed_code_version=3&:tabs=no&:toolbar=no&:showAppBanner=false&:display_spinner=no&iframeSizedToWindow=true&:loadOrderID=3', 'label': 'secondary'}, {'url': 'https://tableau.azdhs.gov/views/ExternalEMResourceCOVIDSpecificDashboard/InpatientCOVID-19?:embed=y&:showVizHome=no&:host_url=https%3A%2F%2Ftableau.azdhs.gov%2F&:embed_code_version=3&:tabs=yes&:toolbar=no&:showAppBanner=false&:display_spinner=no&iframeSizedToWindow=true&:loadOrderID=4', 'label': 'tertiary'}, {'url': 'https://tableau.azdhs.gov/views/ExternalEMResourceCOVIDSpecificDashboard/VentilatorsinUseCOVID-19?%3Aembed=y&%3AshowVizHome=no&%3Ahost_url=https%3A%2F%2Ftableau.azdhs.gov%2F&%3Aembed_code_version=3&%3Atabs=yes&%3Atoolbar=no&%3AshowAppBanner=false&%3Adisplay_spinner=no&iframeSizedToWindow=true&%3AloadOrderID=1', 'label': 'quaternary'}, {'url': 'https://www.azdhs.gov/preparedness/epidemiology-disease-control/infectious-disease-epidemiology/covid-19/dashboards/index.php', 'label': 'quinary'}]",7050299,Total Tests (PCR),totalTestsViral,Specimens
5,California,CA,06,"[{'url': 'https://update.covid19.ca.gov', 'label': 'primary'}, {'url': 'https://public.tableau.com/views/COVID-19CasesDashboard_15931020425010/Cases?:embed=y&:showVizHome=no', 'label': 'secondary'}, {'url': 'https://public.tableau.com/views/COVID-19HospitalsDashboard/Hospitals?:embed=y&:showVizHome=no', 'label': 'tertiary'}]",39283497,Total Tests (PCR),totalTestsViral,Specimens
6,Colorado,CO,08,"[{'url': 'https://public.tableau.com/views/Colorado_COVID19_Data/CO_Hospital?%3Aembed=y&%3AshowVizHome=no', 'label': 'primary'}, {'url': 'https://public.tableau.com/views/Colorado_COVID19_Data/CO_Case_Summary?%3Aembed=y&%3AshowVizHome=no', 'label': 'secondary'}, {'url': 'https://services3.arcgis.com/66aUo8zsujfVXRIT/arcgis/rest/services/colorado_covid19_laboratory_positivity_data/FeatureServer/0/query?where=Metric%3D%27Number+of+positive+tests%27+AND+Desc_+LIKE+%27Daily+COVID-19+Antibody%25%27&outStatistics=%5B%7B%27statisticType%27%3A+%27max%27%2C+%27onStatisticField%27%3A+%27Attr_Date%27%7D%2C+%7B%27statisticType%27%3A+%27sum%27%2C+%27onStatisticField%27%3A+%27Value%27%2C+%27outStatisticFieldName%27%3A+%27antibody_pos%27%7D%5D', 'label': 'tertiary'}, {'url': 'https://services3.arcgis.com/66aUo8zsujfVXRIT/arcgis/rest/services/colorado_covid19_laboratory_positivity_data/FeatureServer/0/query?where=Metric%3D%27Number+of+negative+tests%27+AND+Desc_+LIKE+%27Daily+COVID-19+Antibody%25%27&outStatistics=%5B%7B%27statisticType%27%3A+%27max%27%2C+%27onStatisticField%27%3A+%27Attr_Date%27%7D%2C+%7B%27statisticType%27%3A+%27sum%27%2C+%27onStatisticField%27%3A+%27Value%27%2C+%27outStatisticFieldName%27%3A+%27antibody_neg%27%7D%5D', 'label': 'quaternary'}, {'url': 'https://covid19.colorado.gov/data', 'label': 'quinary'}]",5610349,Total Test Encounters (PCR),totalTestEncountersViral,Encounters
7,Connecticut,CT,09,"[{'url': 'https://data.ct.gov/coronavirus', 'label': 'primary'}, {'url': 'https://data.ct.gov/stories/s/q5as-kyim', 'label': 'secondary'}, {'url': 'https://data.ct.gov/api/id/rf3k-f8fg.json?%24query=select+%2A+order+by+date+desc+limit+1', 'label': 'tertiary'}]",3575074,Total Tests (PCR),totalTestsViral,Specimens
8,District of Columbia,DC,11,"[{'url': 'https://coronavirus.dc.gov/page/coronavirus-surveillance-data', 'label': 'primary'}, {'url': 'https://coronavirus.dc.gov/page/hospital-status-data', 'label': 'secondary'}, {'url': 'https://microstrategy.dc.gov/MicroStrategyLibrary/app/E52A533B11EA01A28FE80080EFC53DA4/30FE682111EA6FB5A6620080EF357B1F/WEF49494DFBDE44548AFB2A631C5233CC--K46', 'label': 'tertiary'}]",692683,Total Test Encounters (PCR),totalTestEncountersViral,Encounters
9,Delaware,DE,10,"[{'url': 'https://myhealthycommunity.dhss.delaware.gov/locations/state#testing', 'label': 'primary'}, {'url': 'https://myhealthycommunity.dhss.delaware.gov/locations/state#testing', 'label': 'secondary'}]",957248,Total Test Encounters (PCR),totalTestEncountersViral,Encounters
10,Florida,FL,12,"[{'url': 'https://experience.arcgis.com/experience/96dd742462124fa0b38ddedb9b25e429/', 'label': 'primary'}, {'url': 'http://ww11.doh.state.fl.us/comm/_partners/covid19_report_archive/total-antibody-results/serology-reports/serology_latest.pdf', 'label': 'secondary'}, {'url': 'https://bi.ahca.myflorida.com/t/ABICC/views/Public/COVIDHospitalizationsCounty?%3AshowAppBanner=false&%3Adisplay_count=n&%3AshowVizHome=n&%3Aorigin=viz_share_link&%3AisGuestRedirectFromVizportal=y&%3Aembed=y', 'label': 'tertiary'}, {'url': 'http://ww11.doh.state.fl.us/comm/_partners/covid19_report_archive/cases-monitoring-and-pui-information/state-report/state_reports_latest.pdf', 'label': 'quaternary'}, {'url': 'https://services1.arcgis.com/CY1LXxl9zlJeBuRZ/ArcGIS/rest/services/Florida_COVID19_Cases/FeatureServer/0/query?where=countyname%3D%27a+state%27&objectIds=&time=&geometry=&geometryType=esriGeometryEnvelope&inSR=&spatialRel=esriSpatialRelIntersects&resultType=none&distance=0.0&units=esriSRUnit_Meter&returnGeodetic=false&outFields=*&returnGeometry=true&returnCentroid=false&featureEncoding=esriDefault&multipatchOption=xyFootprint&maxAllowableOffset=&geometryPrecision=&outSR=&datumTransformation=&applyVCSProjection=false&returnIdsOnly=false&returnUniqueIdsOnly=false&returnCountOnly=false&returnExtentOnly=false&returnQueryGeometry=false&returnDistinctValues=false&cacheHint=false&orderByFields=&groupByFieldsForStatistics=&outStatistics=&having=&resultOffset=&resultRecordCount=&returnZ=false&returnM=false&returnExceededLimitFeatures=true&quantizationParameters=&sqlFormat=none&f=html&token=', 'label': 'quinary'}]",20901636,Total Test Encounters (PCR),totalTestEncountersViral,Encounters
11,Georgia,GA,13,"[{'url': 'https://dph.georgia.gov/covid-19-daily-status-report', 'label': 'primary'}, {'url': 'https://www.arcgis.com/apps/opsdashboard/index.html#/e40c39564f724af7bfe8fd5d88deadb6', 'label': 'secondary'}, {'url': 'https://augustagis.maps.arcgis.com/apps/opsdashboard/index.html#/4eec20925b6b4f338368df0ffcba472d', 'label': 'tertiary'}]",10403847,Total Tests (PCR),totalTestsViral,Specimens
12,Guam,GU,66,"[{'url': 'http://dphss.guam.gov/covid-19/', 'label': 'primary'}, {'url': 'https://drive.google.com/file/d/1FVW6sNbdgyV5-CYkOorYvOGivkmOED8t/view', 'label': 'secondary'}, {'url': 'https://drive.google.com/file/d/1n-vrUGzEzs7rjcxXBFEbIMmeUQykuyO9/view', 'label': 'tertiary'}]",168775,posNeg,posNeg,Specimens
13,Hawaii,HI,15,"[{'url': 'https://health.hawaii.gov/coronavirusdisease2019/', 'label': 'primary'}, {'url': 'https://health.hawaii.gov/coronavirusdisease2019/what-you-should-know/current-situation-in-hawaii/', 'label': 'secondary'}, {'url': 'https://hiema.maps.arcgis.com/apps/opsdashboard/index.html#/9a19e1adeceb46c58185cb0396faf36b', 'label': 'tertiary'}, {'url': 'https://hiema.maps.arcgis.com/apps/opsdashboard/index.html#/9a19e1adeceb46c58185cb0396faf36b', 'label': 'quaternary'}, {'url': 'https://hawaiicovid19.com/dashboard/', 'label': 'quinary'}]",1422094,Total Test Encounters (PCR),totalTestEncountersViral,Encounters
14,Iowa,IA,19,"[{'url': 'https://coronavirus.iowa.gov/', 'label': 'primary'}, {'url': 'https://coronavirus.iowa.gov/pages/case-counts', 'label': 'secondary'}, {'url': 'https://coronavirus.iowa.gov/pages/rmcc-data', 'label': 'tertiary'}, {'url': 'https://coronavirus.iowa.gov/pages/serology-testing', 'label': 'quaternary'}]",3139508,posNeg,posNeg,People
15,Idaho,ID,16,"[{'url': 'https://coronavirus.idaho.gov/', 'label': 'primary'}, {'url': 'https://public.tableau.com/views/DPHIdahoCOVID-19Dashboard/Testing?%3Aembed=y&%3AshowVizHome=no&%3Adisplay_count=y', 'label': 'secondary'}, {'url': 'https://public.tableau.com/views/DPHIdahoCOVID-19Dashboard/Demographics?%3Aembed=y&%3AshowVizHome=no&%3Adisplay_count=y', 'label': 'tertiary'}, {'url': 'https://public.tableau.com/views/DPHIdahoCOVID-19Dashboard/Hospitalizations?%3Aembed=y&%3Aembed=y&%3AshowVizHome=no&%3AshowVizHome=n&%3Adisplay_count=y&%3Adisplay_static_image=y&%3Alanguage=en&%3AapiID=host0#navType=0&navSrc=Parse', 'label': 'quaternary'}, {'url': ""\nOn February 13, 2021, the District of Columbia reported 426,830 **Total Test Encounters**, which is a decrease of 751 from the figure reported for the previous day. No explanation was available for this decrease.\n\nOn February 12, 2021, the District of Columbia announced that their testing data for the day would be delayed. As a result, we were unable to update their Total PCR tests (test encounters) or Total PCR tests (people).\n\nOn December 25, 2020, the District of Columbia announced on their [COVID-19 page](https://coronavirus.dc.gov/data) that there would be no update to their data on December 25, 2020 due to the Christmas holiday. Additionally, they noted that the data reported on December 26, 2020 will include numbers from December 24, 2020 and the data reported on December 27, 2020 will include numbers from December 25, 2020 and December 26, 2020.\n\nAs of September 18, 2020, District of Columbia's total test results are drawn from our total`TestEncountersViral` field instead of calculated via positive+negative.\n\nAs of August 29, 2020, we store the “total overall tested” timeseries in our **Total Test Encounters (PCR)** field despite the following: According to our outreach, the District of Columbia’s “total overall tested” figure on its dashboard represents test encounters, the number of unique individuals tested per day, with one exception, if an individual receives a positive and a negative test on the same day, they are counted twice rather than once. \n\nOn May 25, 2020, the District of Columbia decreased the district's **total tests** number by 11,000 to reflect only DC residents.On February 12, 2021, the District of Columbia announced that their testing data for the day would be delayed. As a result, we were unable to update their Total PCR tests (test encounters) or Total PCR tests (people)."", 'label': 'quinary'}]",1717750,Total PCR Tests (People),totalTestsPeopleViral,People
16,Illinois,IL,17,"[{'url': 'http://www.dph.illinois.gov/topics-services/diseases-and-conditions/diseases-a-z-list/coronavirus', 'label': 'primary'}, {'url': 'http://www.dph.illinois.gov/covid19/hospitalization-utilization', 'label': 'secondary'}]",12770631,Total Tests (PCR),totalTestsViral,Specimens
17,Indiana,IN,18,"[{'url': 'https://www.in.gov/isdh/28470.htm', 'label': 'primary'}, {'url': 'https://www.regenstrief.org/covid-dashboard/', 'label': 'secondary'}, {'url': 'https://hub.mph.in.gov/dataset/covid-19-beds-and-vents/resource/882a7426-886f-48cc-bbe0-a8d14e3012e4/view/05961851-c7ab-4ac7-92bf-fdf9881ecdab', 'label': 'tertiary'}, {'url': 'https://hub.mph.in.gov/api/3/action/datastore_search_sql?sql=SELECT+sum%28%22COVID_POSITIVE_TESTS_ADMIN%22%29+as+pos_tests+from+%22afaa225d-ac4e-4e80-9190-f6800c366b58%22', 'label': 'quaternary'}]",6665703,Total Tests (PCR),totalTestsViral,Specimens
18,Kansas,KS,20,"[{'url': 'https://www.coronavirus.kdheks.gov/160/COVID-19-in-Kansas', 'label': 'primary'}, {'url': 'https://public.tableau.com/views/COVID-19TableauVersion2/HospitalCapacity?%3Aembed=y&%3AshowVizHome=no', 'label': 'secondary'}, {'url': 'https://public.tableau.com/views/COVID-19TableauVersion2/TestingRates?%3Aembed=y&%3AshowVizHome=no', 'label': 'tertiary'}, {'url': 'https://public.tableau.com/views/COVID-19TableauVersion2/HospitalSummary?%3Aembed=y&%3AshowVizHome=no', 'label': 'quaternary'}]",2910652,posNeg,posNeg,People
19,Kentucky,KY,21,"[{'url': 'https://govstatus.egov.com/kycovid19', 'label': 'primary'}, {'url': 'https://chfs.ky.gov/agencies/dph/covid19/COVID19DailyReport.pdf', 'label': 'secondary'}]",4449052,Total Tests (PCR),totalTestsViral,Specimens
20,Louisiana,LA,22,"[{'url': 'http://ldh.la.gov/Coronavirus/', 'label': 'primary'}]",4664362,posNeg,posNeg,Specimens
21,Massachusetts,MA,25,"[{'url': 'https://www.mass.gov/doc/covid-19-dashboard-june-1-2021/download', 'label': 'primary'}, {'url': 'https://www.mass.gov/doc/weekly-covid-19-public-health-report-june-1-2021/download', 'label': 'secondary'}]",6850553,Total Tests (PCR),totalTestsViral,Specimens
22,Maryland,MD,24,"[{'url': 'https://coronavirus.maryland.gov/', 'label': 'primary'}, {'url': 'https://services.arcgis.com/njFNhDsUCentVYJW/arcgis/rest/services/MDCOVID19_TestingVolume/FeatureServer/0/query?where=1%3D1&outFields=*&outStatistics=[%7B%22statisticType%22%3A+%22sum%22%2C+%22onStatisticField%22%3A+%22number_of_positives%22%2C+%22outStatisticFieldName%22%3A+%22total_number_of_positives%22%7D]', 'label': 'secondary'}, {'url': 'https://services.arcgis.com/njFNhDsUCentVYJW/arcgis/rest/services/MDCOVID19_SerologyTests/FeatureServer/0/query?where=1%3D1&outFields=%2A', 'label': 'tertiary'}]",6018848,Total Tests (PCR),totalTestsViral,Specimens
23,Maine,ME,23,"[{'url': 'https://www.maine.gov/dhhs/mecdc/infectious-disease/epi/airborne/coronavirus/data.shtml', 'label': 'primary'}, {'url': 'https://www.maine.gov/dhhs/mecdc/infectious-disease/epi/airborne/coronavirus/data.shtml', 'label': 'secondary'}, {'url': 'https://www.maine.gov/dhhs/mecdc/infectious-disease/epi/airborne/coronavirus/data.shtml', 'label': 'tertiary'}, {'url': 'https://analytics.maine.gov/t/CDCExternal/views/covid-19-maine-cdc-dashboard-nav-buttons/1_Casetrendsbycounty?:embed=y&:showVizHome=no&:host_url=https%3A%2F%2Fanalytics.maine.gov%2F&:embed_code_version=3&:tabs=no&:toolbar=yes&:showAppBanner=false&:display_spinner=no&:loadOrderID=1', 'label': 'quaternary'}, {'url': 'https://analytics.maine.gov/t/CDCExternal/views/covid-19-maine-cdc-dashboard-nav-buttons/1_Casetrendsbycounty?:embed=y&:showVizHome=no&:host_url=https%3A%2F%2Fanalytics.maine.gov%2F&:embed_code_version=3&:tabs=no&:toolbar=yes&:showAppBanner=false&:display_spinner=no&:loadOrderID=1', 'label': 'quinary'}]",1335492,Total Tests (PCR),totalTestsViral,Specimens
24,Michigan,MI,26,"[{'url': 'https://www.michigan.gov/coronavirus/0,9753,7-406-98163_98173---,00.html', 'label': 'primary'}, {'url': 'https://www.michigan.gov/coronavirus/0,9753,7-406-98159-523641--,00.html', 'label': 'secondary'}, {'url': 'https://www.michigan.gov/coronavirus/0,9753,7-406-98163_98173-531113--,00.html', 'label': 'tertiary'}, {'url': 'https://app.powerbigov.us/view?r=eyJrIjoiNDY0ZGVlMDItMzUzNC00ZGE5LWFjYzQtNzliOGJkZWQ4YTgzIiwidCI6ImQ1ZmI3MDg3LTM3NzctNDJhZC05NjZhLTg5MmVmNDcyMjVkMSJ9', 'label': 'quaternary'}]",9965265,Total Tests (PCR),totalTestsViral,Specimens
25,Minnesota,MN,27,"[{'url': 'https://www.health.state.mn.us/diseases/coronavirus/situation.html', 'label': 'primary'}, {'url': 'https://mn.gov/covid19/data/response-prep/response-capacity.jsp', 'label': 'secondary'}]",5563378,Total Test Encounters (PCR),totalTestEncountersViral,Encounters
26,Missouri,MO,29,"[{'url': 'https://showmestrong.mo.gov/data/statewide-public-health/', 'label': 'primary'}, {'url': 'https://showmestrong.mo.gov/public-healthcare-testing/', 'label': 'secondary'}, {'url': 'https://showmestrong.mo.gov/public-healthcare/', 'label': 'tertiary'}]",6104910,Total Tests (PCR),totalTestsViral,Specimens
27,Northern Mariana Islands,MP,69,"[{'url': 'https://cnmichcc.maps.arcgis.com/apps/opsdashboard/index.html#/4061b674fc964efe84f7774b7979d2b5', 'label': 'primary'}, {'url': 'https://services8.arcgis.com/zkkZCub5I6ydvXQj/ArcGIS/rest/services/Coronavirus_PublicDashboardView/FeatureServer/3/query?where=1%3D1&outStatistics=%5B%7B%27statisticType%27%3A+%27max%27%2C+%27onStatisticField%27%3A+%27reportdt%27%7D%2C+%7B%27statisticType%27%3A+%27sum%27%2C+%27onStatisticField%27%3A+%27confirmedcases%27%7D%2C+%7B%27statisticType%27%3A+%27sum%27%2C+%27onStatisticField%27%3A+%27totalspeccnmi%27%7D%2C+%7B%27statisticType%27%3A+%27sum%27%2C+%27onStatisticField%27%3A+%27deaths%27%7D%2C+%7B%27statisticType%27%3A+%27sum%27%2C+%27onStatisticField%27%3A+%27recovered%27%7D%2C+%7B%27statisticType%27%3A+%27sum%27%2C+%27onStatisticField%27%3A+%27hospitalized%27%7D%5D', 'label': 'secondary'}, {'url': 'https://cnmichcc.maps.arcgis.com/apps/opsdashboard/index.html#/4061b674fc964efe84f7774b7979d2b5', 'label': 'tertiary'}, {'url': 'https://cnmichcc.maps.arcgis.com/apps/opsdashboard/index.html#/4061b674fc964efe84f7774b7979d2b5', 'label': 'quaternary'}]",57559,posNeg,posNeg,People
28,Mississippi,MS,28,"[{'url': 'https://msdh.ms.gov/msdhsite/_static/14,0,420.html', 'label': 'primary'}, {'url': 'https://msdh.ms.gov/msdhsite/_static/14,21994,420,873.html', 'label': 'secondary'}]",2984418,posNeg,posNeg,Specimens
29,Montana,MT,30,"[{'url': 'https://montana.maps.arcgis.com/apps/MapSeries/index.html?appid=7c34f3412536439491adcc2103421d4b', 'label': 'primary'}, {'url': 'https://dphhs.mt.gov/publichealth/cdepi/diseases/coronavirusmt/demographics', 'label': 'secondary'}, {'url': 'https://dphhs.mt.gov/Portals/85/publichealth/documents/CDEpi/DiseasesAtoZ/2019-nCoV/Status%20Update%20Data%20Report_5312021.pdf', 'label': 'tertiary'}]",1050649,Total Tests (PCR),totalTestsViral,Specimens
30,North Carolina,NC,37,"[{'url': 'https://www.ncdhhs.gov/covid-19-case-count-nc', 'label': 'primary'}, {'url': 'https://files.nc.gov/covid/documents/dashboard/Weekly-COVID19-Patients-Presumed-to-be-Recovered.pdf', 'label': 'secondary'}, {'url': 'https://public.tableau.com/views/NCDHHS_COVID-19_Dashboard_HospitalizationsE/Hospitalizations?:embed=y&:showVizHome=no&:host_url=https%3A%2F%2Fpublic.tableau.com%2F&:embed_code_version=3&:tabs=no&:toolbar=no&:animate_transition=yes&:display_static_image=no&:display_spinner=no&:display_overlay=yes&:display_count=no&:language=en&publish=yes&:loadOrderID=0', 'label': 'tertiary'}, {'url': 'https://public.tableau.com/views/NCDHHS_COVID-19_Dashboard_Cases_County/NCDHHS_Dashboard_Cases2?:embed=y&:showVizHome=no&:host_url=https%3A%2F%2Fpublic.tableau.com%2F&:embed_code_version=3&:tabs=no&:toolbar=no&:animate_transition=yes&:display_static_image=no&:display_spinner=no&:display_overlay=yes&:display_count=yes&:language=en&publish=yes&:loadOrderID=0', 'label': 'quaternary'}]",10264876,Total Tests (PCR),totalTestsViral,Specimens
31,North Dakota,ND,38,"[{'url': 'https://www.health.nd.gov/diseases-conditions/coronavirus/north-dakota-coronavirus-cases', 'label': 'primary'}]",756717,Total Test Encounters (PCR),totalTestEncountersViral,Encounters
32,Nebraska,NE,31,"[{'url': 'https://experience.arcgis.com/experience/ece0db09da4d4ca68252c3967aa1e9dd', 'label': 'primary'}, {'url': 'https://gis.ne.gov/enterprise/rest/services/Covid19MapV5/MapServer/11/query?where=1%3D1&outFields=%2A&orderByFields=LAB_REPORT_DATE+desc&resultRecordCount=1&f=json', 'label': 'secondary'}, {'url': 'https://experience.arcgis.com/experience/ece0db09da4d4ca68252c3967aa1e9dd', 'label': 'tertiary'}, {'url': 'https://experience.arcgis.com/experience/ece0db09da4d4ca68252c3967aa1e9dd', 'label': 'quaternary'}, {'url': 'https://experience.arcgis.com/experience/ece0db09da4d4ca68252c3967aa1e9dd', 'label': 'quinary'}]",1914571,Total Tests (PCR),totalTestsViral,Specimens
33,New Hampshire,NH,33,"[{'url': 'https://www.dhhs.nh.gov/dphs/cdcs/2019-ncov.htm', 'label': 'primary'}, {'url': 'https://www.nh.gov/covid19/documents/case-summary.pdf', 'label': 'secondary'}, {'url': 'https://www.nh.gov/covid19/dashboard/overview.htm#dash', 'label': 'tertiary'}, {'url': 'https://nh.gov/t/DHHS/views/COVID19TrendsDashboard/TrendsDashboard?:isGuestRedirectFromVizportal=y&:embed=y', 'label': 'quaternary'}]",1348124,Total Tests (PCR),totalTestsViral,Specimens
34,New Jersey,NJ,34,"[{'url': 'https://covid19.nj.gov/#live-updates', 'label': 'primary'}, {'url': 'https://www.arcgis.com/apps/MapSeries/index.html?appid=c2efd1898e48452e83d7218329e953d7', 'label': 'secondary'}, {'url': 'https://njhealth.maps.arcgis.com/apps/opsdashboard/index.html#/81a17865cb1a44db92eb8eb421703635', 'label': 'tertiary'}, {'url': 'https://services7.arcgis.com/Z0rixLlManVefxqY/arcgis/rest/services/PPE_Capacity/FeatureServer/0/query?where=survey_period%3E%3Dtimestamp+%272020-04-27+07%3A00%3A00%27+AND+structure_measure_identifier+LIKE+%27%25ischarge%25Excluding+Deaths%25%27&outStatistics=%5B%7B%27statisticType%27%3A+%27sum%27%2C+%27onStatisticField%27%3A+%27Value%27%2C+%27outStatisticFieldName%27%3A+%27recoveries%27%7D%5D', 'label': 'quaternary'}]",8878503,posNeg,posNeg,Specimens
35,New Mexico,NM,35,"[{'url': 'https://cvprovider.nmhealth.org/public-dashboard.html', 'label': 'primary'}]",2092454,Total Tests (PCR),totalTestsViral,Specimens
36,Nevada,NV,32,"[{'url': 'https://app.powerbigov.us/view?r=eyJrIjoiMjA2ZThiOWUtM2FlNS00MGY5LWFmYjUtNmQwNTQ3Nzg5N2I2IiwidCI6ImU0YTM0MGU2LWI4OWUtNGU2OC04ZWFhLTE1NDRkMjcwMzk4MCJ9', 'label': 'primary'}, {'url': 'https://app.powerbigov.us/view?r=eyJrIjoiMjA2ZThiOWUtM2FlNS00MGY5LWFmYjUtNmQwNTQ3Nzg5N2I2IiwidCI6ImU0YTM0MGU2LWI4OWUtNGU2OC04ZWFhLTE1NDRkMjcwMzk4MCJ9&pageName=ReportSection713122d051caa3096e41', 'label': 'secondary'}, {'url': 'https://app.powerbigov.us/view?r=eyJrIjoiMjA2ZThiOWUtM2FlNS00MGY5LWFmYjUtNmQwNTQ3Nzg5N2I2IiwidCI6ImU0YTM0MGU2LWI4OWUtNGU2OC04ZWFhLTE1NDRkMjcwMzk4MCJ9&pageName=ReportSection966ce53550e53608e0a6', 'label': 'tertiary'}, {'url': 'https://app.powerbigov.us/view?r=eyJrIjoiMjA2ZThiOWUtM2FlNS00MGY5LWFmYjUtNmQwNTQ3Nzg5N2I2IiwidCI6ImU0YTM0MGU2LWI4OWUtNGU2OC04ZWFhLTE1NDRkMjcwMzk4MCJ9&pageName=ReportSection966ce53550e53608e0a6', 'label': 'quaternary'}]",2972382,Total Test Encounters (PCR),totalTestEncountersViral,Encounters
37,New York,NY,36,"[{'url': 'https://coronavirus.health.ny.gov/county-county-breakdown-positive-cases', 'label': 'primary'}, {'url': 'https://covid19tracker.health.ny.gov/views/NYS-COVID19-Tracker/NYSDOHCOVID-19Tracker-Fatalities?%3Aembed=yes&%3Atoolbar=no&%3Atabs=n', 'label': 'secondary'}, {'url': 'https://www.governor.ny.gov/news', 'label': 'tertiary'}, {'url': 'https://forward.ny.gov/daily-hospitalization-summary-region', 'label': 'quaternary'}, {'url': 'https://forward.ny.gov/daily-hospitalization-summary-region', 'label': 'quinary'}]",19572319,Total Test Encounters (PCR),totalTestEncountersViral,Encounters
38,Ohio,OH,39,"[{'url': 'https://coronavirus.ohio.gov/wps/portal/gov/covid-19/dashboards/overview/', 'label': 'primary'}, {'url': 'https://coronavirus.ohio.gov/wps/portal/gov/covid-19/dashboards/key-metrics/cases', 'label': 'secondary'}, {'url': 'https://coronavirus.ohio.gov/wps/portal/gov/covid-19/dashboards/key-metrics/hospitalizations', 'label': 'tertiary'}]",11655397,Total Tests (PCR),totalTestsViral,Specimens
39,Oklahoma,OK,40,"[{'url': 'https://oklahoma.gov/covid19.html', 'label': 'primary'}, {'url': 'https://coronavirus.health.ok.gov/sites/g/files/gmc786/f/eo_-_covid-19_report_-_5-31-21.pdf', 'label': 'secondary'}, {'url': 'https://coronavirus.health.ok.gov/sites/g/files/gmc786/f/2020.5.31_weekly_epi_report.pdf', 'label': 'tertiary'}]",3932870,posNeg,posNeg,Specimens
40,Oregon,OR,41,"[{'url': 'https://www.oregon.gov/oha/PH/DISEASESCONDITIONS/DISEASESAZ/Pages/emerging-respiratory-infections.aspx', 'label': 'primary'}, {'url': 'https://public.tableau.com/profile/oregon.health.authority.covid.19#!/vizhome/OregonCOVID-19Update/CaseandTesting', 'label': 'secondary'}, {'url': 'https://public.tableau.com/profile/oregon.health.authority.covid.19#!/vizhome/OregonCOVID-19TestingandOutcomesbyCounty/OregonsCOVID-19TestingandOutcomesbyCounty?:display_count=y&:toolbar=n&:origin=viz_share_link&:showShareOptions=false', 'label': 'tertiary'}, {'url': 'https://public.tableau.com/profile/oregon.health.authority.covid.19#!/vizhome/OregonCOVID-19Update/HospitalCapacity', 'label': 'quaternary'}]",4129803,Total Tests (PCR),totalTestsViral,Specimens
41,Pennsylvania,PA,42,"[{'url': 'https://www.health.pa.gov/topics/disease/coronavirus/Pages/Cases.aspx', 'label': 'primary'}, {'url': 'https://padoh.maps.arcgis.com/apps/opsdashboard/index.html#/5662e22517b644ba874ca51fa7b61c94', 'label': 'secondary'}]",12791530,Total Test Encounters (PCR),totalTestEncountersViral,Encounters
42,Puerto Rico,PR,72,"[{'url': 'https://services5.arcgis.com/klquQoHA0q9zjblu/ArcGIS/rest/services/Datos_Totales_View7/FeatureServer/0/query?where=1%3D1&outFields=T_Muertes_COVID_RD%2CT_Fatalidades%2CT_Muertes_Combinadas%2CT_Pacientes_Int_Covid%2CT_Vent_Covid%2CT_Serologicos_Pos%2CT_Casos_Unicos%2CT_Molecular_Pos%2CT_Fatalidades%2CT_Hospitalizados%2CT_Recuperados', 'label': 'primary'}, {'url': 'https://bioseguridad.maps.arcgis.com/apps/opsdashboard/index.html#/3bfb64c9a91944bc8c41edd8ff27e6df', 'label': 'secondary'}, {'url': 'http://www.salud.gov.pr/Pages/coronavirus.aspx', 'label': 'tertiary'}, {'url': 'https://services5.arcgis.com/klquQoHA0q9zjblu/ArcGIS/rest/services/Datos_Totales_View7/FeatureServer/0/query?where=1%3D1&outFields=T_Muertes_COVID_RD%2CT_Muertes_Combinadas%2CT_Pacientes_Int_Covid%2CT_Vent_Covid%2CT_Serologicos_Pos%2CT_Casos_Unicos%2CT_Molecular_Pos%2CT_Fatalidades%2CT_Hospitalizados', 'label': 'quaternary'}]",3318447,posNeg,posNeg,Specimens
43,Rhode Island,RI,44,"[{'url': 'https://health.ri.gov/data/covid-19/', 'label': 'primary'}, {'url': 'https://docs.google.com/spreadsheets/d/1c2QrNMz8pIbYEKzMJL7Uh2dtThOJa2j1sSMwiDo5Gz4/edit#gid=264100583', 'label': 'secondary'}, {'url': 'https://docs.google.com/spreadsheets/d/1c2QrNMz8pIbYEKzMJL7Uh2dtThOJa2j1sSMwiDo5Gz4/gviz/tq?tqx=out:csv&sheet=1592746937', 'label': 'tertiary'}]",1057231,Total Test Encounters (PCR),totalTestEncountersViral,Encounters
44,South Carolina,SC,45,"[{'url': 'https://scdhec.gov/health/infectious-diseases/viruses/coronavirus-disease-2019-covid-19/monitoring-testing-covid-19', 'label': 'primary'}, {'url': 'https://www.scdhec.gov/infectious-diseases/viruses/coronavirus-disease-2019-covid-19/sc-demographic-data-covid-19', 'label': 'secondary'}, {'url': 'https://www.scdhec.gov/infectious-diseases/viruses/coronavirus-disease-2019-covid-19/hospital-bed-capacity-covid-19', 'label': 'tertiary'}, {'url': 'https://scdhec.gov/infectious-diseases/viruses/coronavirus-disease-2019-covid-19/south-carolina-county-level-data-covid-19', 'label': 'quaternary'}, {'url': 'https://public.tableau.com/views/MainDashboard_15964746061440/Testing?%3Aembed=y&%3AshowVizHome=no&%3Ahost_url=https%3A%2F%2Fpublic.tableau.com%2F&%3Aembed_code_version=3&%3Atabs=no&%3Atoolbar=no&%3Aanimate_transition=no&%3Adisplay_static_image=no&%3Adisplay_spinner=no&%3Adisplay_overlay=no&%3Adisplay_count=yes&%3Alanguage=en&publish=yes&%3AloadOrderID=2', 'label': 'quinary'}]",5020806,posNeg,posNeg,Specimens
45,South Dakota,SD,46,"[{'url': 'https://doh.sd.gov/COVID/Dashboard.aspx', 'label': 'primary'}]",870638,Total Tests (PCR),totalTestsViral,Specimens
46,Tennessee,TN,47,"[{'url': 'https://www.tn.gov/health/cedep/ncov.html', 'label': 'primary'}, {'url': 'https://apps.health.tn.gov/AEM_embed/TDH-2019-Novel-Coronavirus-Epi-and-Surveillance.pdf#toolbar=0', 'label': 'secondary'}, {'url': 'https://data.tn.gov/t/Public/views/HospitalizedPatients/HospitalizedPatients?:embed=y', 'label': 'tertiary'}]",6709356,Total Tests (PCR),totalTestsViral,Specimens
47,Texas,TX,48,"[{'url': 'https://txdshs.maps.arcgis.com/apps/opsdashboard/index.html#/ed483ecd702b4298ab01e8b9cafc8b83', 'label': 'primary'}, {'url': 'https://services5.arcgis.com/ACaLB9ifngzawspq/ArcGIS/rest/services/TX_DSHS_COVID19_Test[…]&outFields=%2A&orderByFields=Date+desc&resultRecordCount=1', 'label': 'secondary'}, {'url': 'https://www.dshs.texas.gov/coronavirus/TexasCOVID-19HospitalizationsOverTimebyTSA.xlsx', 'label': 'tertiary'}, {'url': 'https://txdshs.maps.arcgis.com/apps/opsdashboard/index.html#/0d8bdf9be927459d9cb11b9eaef6101f', 'label': 'quaternary'}]",28260856,Total Tests (PCR),totalTestsViral,Specimens
48,Utah,UT,49,"[{'url': 'https://coronavirus-dashboard.utah.gov/', 'label': 'primary'}, {'url': 'https://coronavirus-dashboard.utah.gov/#hospitalizations-mortality', 'label': 'secondary'}]",3096848,Total Tests (PCR),totalTestsViral,Specimens
49,Virginia,VA,51,"[{'url': 'https://www.vdh.virginia.gov/coronavirus/covid-19-in-virginia/', 'label': 'primary'}, {'url': 'https://www.vhha.com/communications/virginia-hospital-covid-19-data-dashboard/', 'label': 'secondary'}, {'url': 'https://data.virginia.gov/resource/3u5k-c2gr.json?%24query=select+sum%28number_of_pcr_testing%29+as+pcr_testing%2C+sum%28number_of_positive_pcr_testing%29+as+pos_pcr_testing', 'label': 'tertiary'}]",8454463,Total Test Encounters (PCR),totalTestEncountersViral,Encounters
50,US Virgin Islands,VI,78,"[{'url': 'https://doh.vi.gov/covid19usvi', 'label': 'primary'}]",104425,posNeg,posNeg,People
51,Vermont,VT,50,"[{'url': 'https://experience.arcgis.com/experience/85f43bd849e743cb957993a545d17170', 'label': 'primary'}, {'url': 'https://www.healthvermont.gov/response/coronavirus-covid-19/current-activity-vermont#dashboard', 'label': 'secondary'}]",624313,Total Tests (PCR),totalTestsViral,Specimens
52,Washington,WA,53,"[{'url': 'https://www.doh.wa.gov/Emergencies/NovelCoronavirusOutbreak2020COVID19/DataDashboard', 'label': 'primary'}, {'url': 'https://coronavirus.wa.gov/what-you-need-know/covid-19-risk-assessment-dashboard', 'label': 'secondary'}, {'url': 'https://coronavirus.wa.gov/what-you-need-know/covid-19-risk-assessment-dashboard', 'label': 'tertiary'}, {'url': 'https://coronavirus.wa.gov/what-you-need-know/covid-19-risk-assessment-dashboard', 'label': 'quaternary'}]",7404107,Total Test Encounters (PCR),totalTestEncountersViral,Encounters
53,Wisconsin,WI,55,"[{'url': 'https://www.dhs.wisconsin.gov/covid-19/data.htm', 'label': 'primary'}, {'url': 'https://www.dhs.wisconsin.gov/covid-19/hosp-data.htm', 'label': 'secondary'}, {'url': 'https://bi.wisconsin.gov/t/DHS/views/PercentofconfirmedprobableCOVID-19casesby-group-MOBILE/CaseDB2/butleoljdl@accounts.wistate.us/ed25311e-7f8a-4c7d-aee8-97b28850f0ac?:embed=y&:display_spinner=no&:showAppBanner=false&:embed_code_version=3&:loadOrderID=4&:display_count=n&:showVizHome=n&:origin=viz_share_link', 'label': 'tertiary'}, {'url': 'https://bi.wisconsin.gov/t/DHS/views/PercentofCOVID-19deathsby-group-MOBILE/DeathDB2?:embed_code_version=3&:embed=y&:loadOrderID=2&:display_spinner=no&:showAppBanner=false&:display_count=n&:showVizHome=n&:origin=viz_share_link', 'label': 'quaternary'}, {'url': 'https://bi.wisconsin.gov/t/DHS/views/PercentofCOVID-19deathsby-group-MOBILE/DeathDB2?:embed_code_version=3&:embed=y&:loadOrderID=2&:display_spinner=no&:showAppBanner=false&:display_count=n&:showVizHome=n&:origin=viz_share_link', 'label': 'quinary'}]",5790716,Total Test Encounters (PCR),totalTestEncountersViral,Encounters
54,West Virginia,WV,54,"[{'url': 'https://dhhr.wv.gov/Coronavirus%20Disease-COVID-19/Pages/default.aspx', 'label': 'primary'}, {'url': 'https://dhhr.wv.gov/Coronavirus%20Disease-COVID-19/Pages/default.aspx', 'label': 'secondary'}, {'url': 'https://dhhr.wv.gov/Coronavirus%20Disease-COVID-19/Pages/default.aspx', 'label': 'tertiary'}, {'url': 'https://dhhr.wv.gov/Coronavirus%20Disease-COVID-19/Pages/default.aspx', 'label': 'quaternary'}]",1817305,Total Tests (PCR),totalTestsViral,Specimens
55,Wyoming,WY,56,"[{'url': 'https://health.wyo.gov/publichealth/infectious-disease-epidemiology-unit/disease/novel-coronavirus/', 'label': 'primary'}, {'url': 'https://health.wyo.gov/publichealth/infectious-disease-epidemiology-unit/disease/novel-coronavirus/covid-19-map-and-statistics/', 'label': 'secondary'}, {'url': 'https://health.wyo.gov/publichealth/infectious-disease-epidemiology-unit/disease/novel-coronavirus/covid-19-testing-data/', 'label': 'tertiary'}, {'url': 'https://sites.google.com/wyo.gov/exec-covid19/hospital-resources', 'label': 'quaternary'}, {'url': 'https://public.tableau.com/views/StateandCountyDashboard/Dashboard1?:embed=y&:showVizHome=no&:host_url=https%3A%2F%2Fpublic.tableau.com%2F&:embed_code_version=3&:tabs=no&:toolbar=yes&:animate_transition=yes&:display_static_image=no&:display_spinner=no&:display_overlay=yes&:display_count=yes&:language=en&publish=yes&:loadOrderID=0', 'label': 'quinary'}]",581024,Total Tests (PCR),totalTestsViral,Specimens
